FILE INFORMATION
Name,20000103_004724270
Comments

HARDWARE,Model,SerialNumber,Version
Mainframe,34972A,MY57003429,1.17-1.12-02-02
Slot 1,34901A,0,2.3
Slot 2,34901A,0,2.3
Slot 3,NONE

INTERFACE SETTINGS
LAN,(no LAN address)
USB,USB0::2391::8199::MY57003429::0::INSTR

MEASUREMENT,,,,SCALING,,,,ALARMS,,,,ADVANCED
Channel,Function,Range,Resolution,Scaling,Gain,Offset,Units,AlarmTest,Low,High,AlarmNum,ChanDelay,Integration,InputResistance,ACBand/Limit,Autozero,OffsetComp,ThermocoupleCheck,TemperatureRef
103,Thermocouple Type J (C),(n/a),(n/a),Disabled,+1.00000000E+000,+0.00000000E+000,C,Off,+0.00000000E+000,+0.00000000E+000,Alarm 1,Auto,+1.00000000E+000 [nplc],(n/a),(n/a),Enabled,(n/a),Disabled,INT
105,Thermocouple Type J (C),(n/a),(n/a),Disabled,+1.00000000E+000,+0.00000000E+000,C,Off,+0.00000000E+000,+0.00000000E+000,Alarm 1,Auto,+1.00000000E+000 [nplc],(n/a),(n/a),Enabled,(n/a),Disabled,INT
106,Thermocouple Type J (C),(n/a),(n/a),Disabled,+1.00000000E+000,+0.00000000E+000,C,Off,+0.00000000E+000,+0.00000000E+000,Alarm 1,Auto,+1.00000000E+000 [nplc],(n/a),(n/a),Enabled,(n/a),Disabled,INT
107,Thermocouple Type J (C),(n/a),(n/a),Disabled,+1.00000000E+000,+0.00000000E+000,C,Off,+0.00000000E+000,+0.00000000E+000,Alarm 1,Auto,+1.00000000E+000 [nplc],(n/a),(n/a),Enabled,(n/a),Disabled,INT
108,Thermocouple Type J (C),(n/a),(n/a),Disabled,+1.00000000E+000,+0.00000000E+000,C,Off,+0.00000000E+000,+0.00000000E+000,Alarm 1,Auto,+1.00000000E+000 [nplc],(n/a),(n/a),Enabled,(n/a),Disabled,INT
109,Thermocouple Type J (C),(n/a),(n/a),Disabled,+1.00000000E+000,+0.00000000E+000,C,Off,+0.00000000E+000,+0.00000000E+000,Alarm 1,Auto,+1.00000000E+000 [nplc],(n/a),(n/a),Enabled,(n/a),Disabled,INT
110,Thermocouple Type J (C),(n/a),(n/a),Disabled,+1.00000000E+000,+0.00000000E+000,C,Off,+0.00000000E+000,+0.00000000E+000,Alarm 1,Auto,+1.00000000E+000 [nplc],(n/a),(n/a),Enabled,(n/a),Disabled,INT
111,Thermocouple Type J (C),(n/a),(n/a),Disabled,+1.00000000E+000,+0.00000000E+000,C,Off,+0.00000000E+000,+0.00000000E+000,Alarm 1,Auto,+1.00000000E+000 [nplc],(n/a),(n/a),Enabled,(n/a),Disabled,INT
112,Thermocouple Type J (C),(n/a),(n/a),Disabled,+1.00000000E+000,+0.00000000E+000,C,Off,+0.00000000E+000,+0.00000000E+000,Alarm 1,Auto,+1.00000000E+000 [nplc],(n/a),(n/a),Enabled,(n/a),Disabled,INT
113,Thermocouple Type J (C),(n/a),(n/a),Disabled,+1.00000000E+000,+0.00000000E+000,C,Off,+0.00000000E+000,+0.00000000E+000,Alarm 1,Auto,+1.00000000E+000 [nplc],(n/a),(n/a),Enabled,(n/a),Disabled,INT
114,Thermocouple Type J (C),(n/a),(n/a),Disabled,+1.00000000E+000,+0.00000000E+000,C,Off,+0.00000000E+000,+0.00000000E+000,Alarm 1,Auto,+1.00000000E+000 [nplc],(n/a),(n/a),Enabled,(n/a),Disabled,INT
216,DC Voltage,Auto,+3.00000000E-005,Disabled,+1.00000000E+000,+0.00000000E+000,VDC,Off,+0.00000000E+000,+0.00000000E+000,Alarm 1,Auto,+1.00000000E+000 [nplc],10 M,(n/a),Enabled,(n/a),(n/a),(n/a)
217,DC Voltage,Auto,+3.00000000E-005,Disabled,+1.00000000E+000,+0.00000000E+000,VDC,Off,+0.00000000E+000,+0.00000000E+000,Alarm 1,Auto,+1.00000000E+000 [nplc],10 M,(n/a),Enabled,(n/a),(n/a),(n/a)
218,DC Voltage,Auto,+3.00000000E-007,Disabled,+1.00000000E+000,+0.00000000E+000,VDC,Off,+0.00000000E+000,+0.00000000E+000,Alarm 1,Auto,+1.00000000E+000 [nplc],10 M,(n/a),Enabled,(n/a),(n/a),(n/a)
